{
    "data": {
        "CRYPTO": [
            {
                "category": "CRYPTO", 
                "description": "https://en.wikipedia.org/wiki/RSA_(cryptosystem)", 
                "files": [
                    "/files/b1413e53c67273de9ba97e21af8cd24c/chall.txt?token=eyJ1c2VyX2lkIjoxLCJ0ZWFtX2lkIjpudWxsLCJmaWxlX2lkIjoxMX0.YFB4xQ.WvQDP78fOMiTc63mZWS2y8fWMQw"
                ], 
                "hints": [
                    "-"
                ], 
                "id": 110, 
                "name": "Rivest Shamir Adleman", 
                "points": 100, 
                "solves": 0
            }, 
            {
                "category": "CRYPTO", 
                "description": "Simple one byte key encryption", 
                "files": [
                    "/files/e3331ea3f8c75da2ce0fa6038a321353/flag.enc?token=eyJ1c2VyX2lkIjoxLCJ0ZWFtX2lkIjpudWxsLCJmaWxlX2lkIjoxNn0.YFB4xQ.cbmTDwxJu-7F4r-ncK6aQD2PhXY"
                ], 
                "hints": [
                    "X O R"
                ], 
                "id": 115, 
                "name": "ROXy", 
                "points": 100, 
                "solves": 0
            }, 
            {
                "category": "CRYPTO", 
                "description": "", 
                "files": [
                    "/files/43f9f5d4b141b2d1edfdc1e10999cc64/chall.py?token=eyJ1c2VyX2lkIjoxLCJ0ZWFtX2lkIjpudWxsLCJmaWxlX2lkIjoxN30.YFB4xQ.6pYCyXpnP3cvYAjMhoEUL9JV5VU", 
                    "/files/b35e7e4927f5d2b92f069e45f36cc5d2/flag.enc?token=eyJ1c2VyX2lkIjoxLCJ0ZWFtX2lkIjpudWxsLCJmaWxlX2lkIjoxOH0.YFB4xQ.P3TtobNt_P485hxgMFZ8yvb0Svc"
                ], 
                "hints": [
                    "-"
                ], 
                "id": 116, 
                "name": "Caesar", 
                "points": 100, 
                "solves": 1
            }
        ], 
        "FORENSIC": [
            {
                "category": "FORENSIC", 
                "description": "Last night, I hid a secret file inside of an image\r\n\r\nFormat flag: LKS2021{}", 
                "files": [
                    "/files/6189fa194e88501aa68ad00b8a82c7e0/flag.png?token=eyJ1c2VyX2lkIjoxLCJ0ZWFtX2lkIjpudWxsLCJmaWxlX2lkIjoxMn0.YFB4xQ.lLVORVxmHIrY1KEmP5Nx2XJOQhE"
                ], 
                "hints": [
                    "-"
                ], 
                "id": 111, 
                "name": "File Carving", 
                "points": 100, 
                "solves": 9
            }, 
            {
                "category": "FORENSIC", 
                "description": "I made a Git Repository. Unfortunately, I often made some mistakes, so that I've undone some minor commits", 
                "files": [
                    "/files/e08d472f190527e08533ca85dc798c7b/src.zip?token=eyJ1c2VyX2lkIjoxLCJ0ZWFtX2lkIjpudWxsLCJmaWxlX2lkIjoxOX0.YFB4xQ.6W94JZ0lijMsRWE92LkS_4jVBuE"
                ], 
                "hints": [
                    "-"
                ], 
                "id": 117, 
                "name": "Git", 
                "points": 100, 
                "solves": 3
            }
        ], 
        "PWN": [
            {
                "category": "PWN", 
                "description": "nc 202.162.35.59 30001", 
                "files": [
                    "/files/5815b29c19d76477235df3a3fcca2cdd/buf?token=eyJ1c2VyX2lkIjoxLCJ0ZWFtX2lkIjpudWxsLCJmaWxlX2lkIjoxM30.YFB4xA.3LdtemzQH8duG3b-ofmtJL02kwo"
                ], 
                "hints": [
                    "-"
                ], 
                "id": 112, 
                "name": "buffow", 
                "points": 100, 
                "solves": 2
            }
        ], 
        "REV": [
            {
                "category": "REV", 
                "description": "", 
                "files": [
                    "/files/c102e5425147c453298cc56f67410d97/chall?token=eyJ1c2VyX2lkIjoxLCJ0ZWFtX2lkIjpudWxsLCJmaWxlX2lkIjoxNH0.YFB4xA.gp2J_29TNnKRzfj09969pZLih0E", 
                    "/files/f62a66654cf05cdc863951bd2f6237e3/flag.enc?token=eyJ1c2VyX2lkIjoxLCJ0ZWFtX2lkIjpudWxsLCJmaWxlX2lkIjoxNX0.YFB4xA.49JDdFA6c4q-MrzUz18L1rPTpDw"
                ], 
                "hints": [
                    "-"
                ], 
                "id": 113, 
                "name": "xor", 
                "points": 100, 
                "solves": 1
            }, 
            {
                "category": "REV", 
                "description": "", 
                "files": [
                    "/files/24f41874c4cdd696499e927670db97f1/validate.pyc?token=eyJ1c2VyX2lkIjoxLCJ0ZWFtX2lkIjpudWxsLCJmaWxlX2lkIjoyMH0.YFB4xQ.d4WC-SUGhZkDKrmTuNGtsiEurY0"
                ], 
                "hints": [
                    "-"
                ], 
                "id": 118, 
                "name": "pin", 
                "points": 100, 
                "solves": 0
            }
        ], 
        "WEB": [
            {
                "category": "WEB", 
                "description": "simple strcmp\r\nhttp://202.162.35.59:10001\r\n\r\n**difficulty: *sangad ez***<br>\r\nSekilas ingfo: ini cuma soal pemanasan untuk testing platform, soal asli belum tentu memiliki tingkat kesulitan yang sama.", 
                "files": [], 
                "hints": [
                    "string compare <br>\nhttps://www.php.net/manual/en/function.strcmp.php"
                ], 
                "id": 109, 
                "name": "Login", 
                "points": 100, 
                "solves": 3
            }, 
            {
                "category": "WEB", 
                "description": "http://202.162.35.59:10002/\r\nwangy wangy wangy\r\n<img src=\"https://cdn.discordapp.com/attachments/710631743018762291/821246447047147520/158661456_443626276959827_2425025041534178637_n.png\" width=\"100px\">", 
                "files": [
                    "/files/0ce92709042ac7f5b52517a855fad992/index.php?token=eyJ1c2VyX2lkIjoxLCJ0ZWFtX2lkIjpudWxsLCJmaWxlX2lkIjoyMX0.YFB4xA._Zj5dVJ27tcs-rOIjEmk6c9zsUg"
                ], 
                "hints": [
                    "remote code execution"
                ], 
                "id": 114, 
                "name": "Wangy", 
                "points": 100, 
                "solves": 1
            }
        ], 
        "bonus": [
            {
                "category": "bonus", 
                "description": "balikan kata ini.. \r\n\r\n{oya}1202SKL", 
                "files": [], 
                "hints": [
                    "-"
                ], 
                "id": 119, 
                "name": "bonus", 
                "points": 100, 
                "solves": 14
            }
        ]
    }, 
    "title": "CTF Widya Security", 
    "url": "https://ctf.widyasecurity.com"
}